symbol,research_priority,layer,status,thesis,edge_hypothesis,reference_price,quote_currency,reference_timestamp,reference_kind,entry_gate,exit_or_invalidation,monitoring_metrics,confidence,holding_period,review_date,paper_weight_now,paper_max_weight_of_research_sleeve_pct,position_size_rule,source_packet
CRCL,1,issuer,research_only_no_position,Direct reserve and distribution economics,Supply growth must exceed lower yields and distribution costs,85.6,USD,2026-09-28T20:07:14.057047+00:00,Alpaca IEX last trade; prior US session; CRCL after-hours,Complete scenario model using current fully diluted capital; do not rely on higher terminal multiple,Two quarters retained economics per diluted share deteriorate or reserve/redemption impairment,Balances;reserve yield;distribution ratio;service revenue;SBC,High reported economics;low return confidence,3-5 years conditional on thesis,2026-12-29,0,10,Min(single-name cap;20pct shared-failure cap remaining);100pct loss assumption;no leverage,equities_research.md
COIN,2,distributor,research_only_no_position,Owns customer access and stablecoin distribution,USDC balances must grow retained contribution after rewards,191.69,USD,2026-09-28T19:59:57.391607+00:00,Alpaca IEX last trade; prior US session; CRCL after-hours,Mid-cycle sum-of-parts works after rewards and allocated costs; avoid double counting Circle payouts,Two quarters lower net contribution with growing balances;adverse distribution renegotiation,USDC balances;rewards ratio;stablecoin revenue;trading cyclicality,High reported economics;low return confidence,3-5 years conditional on thesis,2026-12-29,0,10,Min(single-name cap;20pct shared-failure cap remaining);100pct loss assumption;no leverage,equities_research.md
ETH,3,settlement,research_only_no_position,Settlement gas and base-fee burn,Stablecoin use must improve economics per diluted ETH including L2 settlements,2707.5550000000003,USDT,2026-09-29T09:01:17.867839+00:00,"Binance bid-ask midpoint; retrieval timestamp, not exchange trade time",Reconcile 90-day fees attributable to stablecoins and net issuance;valuation holds at constant multiple,Adoption up but retained fees per diluted token down for two quarters;major security failure,Stablecoin gas;L1/L2 fee split;burn;issuance,High mechanism;incomplete valuation,3-5 years conditional on thesis,2026-12-29,0,5,Min(single-name cap;20pct shared-failure cap remaining);100pct loss assumption;no leverage,tokens_research.md
SOL,4,settlement,research_only_no_position,Low-cost settlement;validator fees and base-fee burn,Real user retention must support fee economics after inflation,119.125,USDT,2026-09-29T09:01:17.867839+00:00,"Binance bid-ask midpoint; retrieval timestamp, not exchange trade time",Separate burns from validator receipts and staking issuance;reconcile supply schedule and user retention,Economic growth only incentive-driven;two quarters declining per-token benefit,Payment users;base/priority fees;issuance;validator commissions,High mechanism;incomplete valuation,3-5 years conditional on thesis,2026-12-29,0,5,Min(single-name cap;20pct shared-failure cap remaining);100pct loss assumption;no leverage,tokens_research.md
TRX,5,settlement,research_only_no_position,Energy and bandwidth economics,Stablecoin activity must support net burn/resource demand,0.33585,USDT,2026-09-29T09:01:17.867839+00:00,"Binance bid-ask midpoint; retrieval timestamp, not exchange trade time",Reconcile 90-day burn versus issuance and resource-rental economics;review issuer concentration,Issuer withdrawal or resource policy change defeats model,USDT concentration;burn;issuance;resource prices,High mechanism;medium completeness,3-5 years conditional on thesis,2026-12-29,0,5,Min(single-name cap;20pct shared-failure cap remaining);100pct loss assumption;no leverage,tokens_research.md
LINK,6,data_interoperability,research_only_no_position,Paid services may fund reserve accumulation,External fee-funded purchases must matter relative to token releases,15.3185,USDT,2026-09-29T09:01:17.867839+00:00,"Binance bid-ask midpoint; retrieval timestamp, not exchange trade time",Reconcile 90-day reserve purchases and source of funds against release schedule,Reserve funded by treasury recycling;unexplained withdrawals;dilution overwhelms benefits,Paid services;reserve flows;70m annual stated releases,Medium;purchase attribution incomplete,3-5 years conditional on thesis,2026-12-29,0,5,Min(single-name cap;20pct shared-failure cap remaining);100pct loss assumption;no leverage,tokens_research.md
SKY,7,stablecoin_protocol,research_only_no_position,Surplus can fund repurchases and holder rewards,Net surplus after savings rewards and losses must support net retirement,0.080925,USDT,2026-09-29T09:01:17.867839+00:00,"Binance bid-ask midpoint; retrieval timestamp, not exchange trade time",Verify executive execution and net retirements after distributions;reconcile credit costs,Negative sustainable surplus;depeg;governance diverts holder benefit,USDS demand;surplus;savings costs;burns;distributions,Medium;execution pending,3-5 years conditional on thesis,2026-12-29,0,5,Min(single-name cap;20pct shared-failure cap remaining);100pct loss assumption;no leverage,tokens_research.md
AAVE,8,lending,research_only_no_position,Lending and GHO economics,Holder benefit must survive credit costs and governance,167.845,USDT,2026-09-29T09:01:17.867839+00:00,"Binance bid-ask midpoint; retrieval timestamp, not exchange trade time",Verify buyback restart receipts or value without repurchases;reconcile incident losses,New bad debt or treasury shortfall;holder benefit redirected,Borrow demand;net revenue;bad debt;buyback receipts,Evidence hold: restart unverified,3-5 years conditional on thesis,2026-12-29,0,5,Min(single-name cap;20pct shared-failure cap remaining);100pct loss assumption;no leverage,tokens_research.md
V,9,payments,research_only_no_position,Distribution network with stablecoin optionality,Core payments value must stand without speculative stablecoin revenue,367.86,USD,2026-09-28T19:59:54.950414+00:00,Alpaca IEX last trade; prior US session; CRCL after-hours,Core-business valuation acceptable with zero incremental stablecoin profit assumed,Cannibalisation and costs exceed new fees,Core revenue;crossborder margins;settlement run rate;net take rate,High corporate data;low stablecoin attribution,3-5 years conditional on thesis,2026-12-29,0,10,Min(single-name cap;20pct shared-failure cap remaining);100pct loss assumption;no leverage,equities_research.md
MA,10,payments,research_only_no_position,Distribution and acquired stablecoin services,Incremental service profit must exceed acquisition and integration cost,568.17,USD,2026-09-28T19:59:50.365966+00:00,Alpaca IEX last trade; prior US session; CRCL after-hours,Core valuation works;BVNK integration economics evidenced,Integration underperforms or legacy fee cannibalisation dominates,BVNK integration;services margins;capital returns,High corporate data;low stablecoin attribution,3-5 years conditional on thesis,2026-12-29,0,10,Min(single-name cap;20pct shared-failure cap remaining);100pct loss assumption;no leverage,equities_research.md
PYPL,11,payments,research_only_no_position,Checkout and PYUSD distribution optionality,Checkout and margin thesis must work independently,54.28,USD,2026-09-28T19:59:49.509339+00:00,Alpaca IEX last trade; prior US session; CRCL after-hours,Core valuation works without assigning invented PYUSD earnings,Checkout/margins weaken;PYUSD rewards exceed retained economics,Checkout;transaction margin;rewards;PYUSD contribution,High corporate data;low stablecoin attribution,3-5 years conditional on thesis,2026-12-29,0,10,Min(single-name cap;20pct shared-failure cap remaining);100pct loss assumption;no leverage,equities_research.md
XRP,12,comparator,research_only_no_position,XRPL fees and account reserves,Stablecoin success must create material XRP demand,1.50095,USDT,2026-09-29T09:01:17.867839+00:00,"Binance bid-ask midpoint; retrieval timestamp, not exchange trade time",Quantify economic demand relative to float;partnerships alone fail gate,Stablecoin principal moves without material native-token demand,Fees;reserves;escrow net releases;native inventory,Mechanism known;holder capture weakly evidenced,3-5 years conditional on thesis,2026-12-29,0,5,Min(single-name cap;20pct shared-failure cap remaining);100pct loss assumption;no leverage,tokens_research.md
XLM,13,comparator,research_only_no_position,Stellar fees and minimum balances,Stablecoin use must create material XLM demand,0.22955,USDT,2026-09-29T09:01:17.867839+00:00,"Binance bid-ask midpoint; retrieval timestamp, not exchange trade time",Quantify demand versus distribution;fee-pool accumulation not holder income,Usage rises without material native-token economics,Fees;minimum balances;SDF distributions,Mechanism known;holder capture weakly evidenced,3-5 years conditional on thesis,2026-12-29,0,5,Min(single-name cap;20pct shared-failure cap remaining);100pct loss assumption;no leverage,tokens_research.md
XPL,14,new_chain,research_only_no_position,Stablecoin-oriented network,Incentive-free activity must fund security and token demand,,,,not_acquired,Verify scheduled cliff actual release;liquidity retention;current fees and supply,Post-incentive outflows;dilution exceeds economic benefit,Cliff receipts;net releases;users;fee income,Conditional;unpriced and release unverified,3-5 years conditional on thesis,2026-12-29,0,5,Min(single-name cap;20pct shared-failure cap remaining);100pct loss assumption;no leverage,tokens_research.md
