id,url,title,period,claim,status,retrieved_date,research_packet
EQ01,https://www.circle.com/pressroom/circle-reports-second-quarter-2026-results,Circle Q2 2026 earnings,Q2 2026,"Reserve income, distribution costs and rate-versus-supply growth",verified_company_report,2026-09-29,equities_research.md
EQ02,https://www.sec.gov/Archives/edgar/data/1679788/000167978826000088/coin-20260630.htm,Coinbase Q2 2026 10-Q,Q2 2026,Stablecoin revenue and USDC rewards; comparison reclassification; rate sensitivity,verified_sec_filing,2026-09-29,equities_research.md
EQ03,https://www.sec.gov/Archives/edgar/data/1403161/000140316126000103/q32026earningsrelease.htm,Visa fiscal Q3 earnings,Fiscal Q3 2026 / June quarter,"Revenue, EPS and capital returns",verified_sec_filing,2026-09-29,equities_research.md
EQ04,https://www.sec.gov/Archives/edgar/data/1141391/000114139126000081/ma06302026-exx991xearnings.htm,Mastercard Q2 earnings,Q2 2026,"Revenue, EPS and services growth",verified_sec_filing,2026-09-29,equities_research.md
EQ05,https://www.sec.gov/Archives/edgar/data/1633917/000163391726000080/pypl2q-26earningsrelease.htm,PayPal Q2 earnings,Q2 2026,"Revenue, EPS, TPV, FCF and repurchases",verified_sec_filing,2026-09-29,equities_research.md
EQ06,https://investor.coinbase.com/news/news-details/2026/Coinbase-Q2-Earnings-Everything-Exchange-Drives-3rd-Consecutive-Quarter-of-Record-Crypto-Trading-Volume-Market-Share-Revenue-Diversification-and-Resilience/default.aspx,Coinbase Q2 earnings release,Q2 2026,Management-reported $20bn average product USDC and economic capture,verified_company_report_not_independent_market_validation,2026-09-29,equities_research.md
EQ07,https://investor.visa.com/news/news-details/2026/Visa-Accelerates-Stablecoin-Momentum-Adding-Five-Blockchains-for-Settlement/default.aspx,Visa stablecoin settlement expansion,April 29 2026,Nine chains; $7bn annualised settlement run rate,verified_company_report,2026-09-29,equities_research.md
EQ08,https://investor.mastercard.com/investor-news/investor-news-details/2026/Mastercard-completes-acquisition-of-BVNK-to-advance-global-stablecoin-capabilities/default.aspx,Mastercard BVNK completion,August 3 2026,Acquisition completed,verified_company_report,2026-09-29,equities_research.md
EQ09,https://investor.mastercard.com/investor-news/investor-news-details/2026/Mastercard-to-Acquire-BVNK-to-Connect-On-Chain-Payments-and-Fiat-Rails/,Mastercard BVNK agreement,March 17 2026,Up to $1.8bn consideration including $300m contingent,verified_company_report,2026-09-29,equities_research.md
EQ10,https://www.sec.gov/Archives/edgar/data/1633917/000163391726000082/pypl-20260630.htm,PayPal 10-Q,Q2 2026,Third-party PYUSD issuer arrangement and risk disclosures,verified_sec_filing,2026-09-29,equities_research.md
EQ11,https://www.sec.gov/Archives/edgar/data/1876042/000187604226000248/crcl-20260630.htm,Circle 10-Q,Q2 2026,"Interest sensitivity, diluted shares, RSUs and ARC token-sale cash proceeds",verified_sec_filing,2026-09-29,equities_research.md
EQ12,https://assets.ctfassets.net/vyse88cgwfbl/2kYf7r64h3tzwiu6F0CbUB/2997abd2f11ecea74a21528048b50707/Opinion___Report_-_Tether_International_Financial_Figure_30-06-2026.pdf,Tether BDO financial figures and reserves report,June 30 2026,"Assets, liabilities, equity, financial result and scope limitations",verified_opened_attestation,2026-09-29,equities_research.md
EQ13,https://tether.io/news/tether-posts-strong-q2-performance-generates-1-5b-net-operating-profit-maintains-4-11b-reserve-buffer-and-expands-gold-holdings-to-more-than-146-tons/,Tether Q2 release,Q2 2026,Net operating profit is different from net financial result,verified_company_report,2026-09-29,equities_research.md
EQ14,https://tether.io/news/tether-completes-the-largest-inaugural-financial-audit-in-history/,Tether KPMG audit announcement,FY2025 audit announced August 13 2026,Company reports KPMG audit; signed report not acquired,issuer_claim_pending_independent_document_verification,2026-09-29,equities_research.md
T01,https://ethereum.org/developers/docs/gas/,Ethereum gas,Retrieved 2026-09-29; document dates distinguished in report,ETH base-fee burn and validator priority fees; documented mechanism,primary_document_verified_mechanism_only,2026-09-29,tokens_research.md
T02,https://ethereum.org/roadmap/merge/issuance/,ETH issuance,Retrieved 2026-09-29; document dates distinguished in report,PoS issuance offsets burn; no unconditional deflation assumption,primary_document_verified_mechanism_only,2026-09-29,tokens_research.md
T03,https://solana.com/docs/core/fees/fee-structure,Solana fees,Retrieved 2026-09-29; document dates distinguished in report,"Half base fees burned, half validator; priority fees entirely validator",primary_document_verified_mechanism_only,2026-09-29,tokens_research.md
T04,https://solana.com/staking,Solana staking,Retrieved 2026-09-29; document dates distinguished in report,"Published inflation schedule, not live RPC verification",primary_document_verified_mechanism_only,2026-09-29,tokens_research.md
T05,https://developers.tron.network/es/docs/resource-model,TRON resource model,Retrieved 2026-09-29; document dates distinguished in report,TRX staking/delegation for resources; shortfalls burn TRX,primary_document_verified_mechanism_only,2026-09-29,tokens_research.md
T06,https://chain.link/blog/chainlink-reserve-strategic-link-reserve,LINK reserve,Retrieved 2026-09-29; document dates distinguished in report,Issuer-described payment abstraction and strategic reserve; not dividend or permanent burn,issuer_reported_not_independently_reconciled,2026-09-29,tokens_research.md
T07,https://chain.link/circulating-supply,LINK releases,Retrieved 2026-09-29; document dates distinguished in report,Issuer states current annual release schedule of 7% of total 1bn LINK supply,primary_document_verified_mechanism_only,2026-09-29,tokens_research.md
T08,https://www.aave.com/docs/ecosystem/aave,AAVE documentation,Retrieved 2026-09-29; document dates distinguished in report,Historical annual buyback budget and treasury rather than burn treatment; current status conflicts with later post,historical_document_current_status_conflict,2026-09-29,tokens_research.md
T09,https://governance.aave.com/t/arfc-pause-aave-buybacks/24686,AAVE pause,Retrieved 2026-09-29; document dates distinguished in report,TokenLogic reports buybacks paused since 2026-04-19; no restart independently verified,dated_operator_report_current_restart_unverified,2026-09-29,tokens_research.md
T10,https://sky.money/blog/understanding-the-sky-token,SKY explanation,Retrieved 2026-09-29; document dates distinguished in report,Frontend says surplus-funded buys and staking distributions; cap immutability not independently verified,issuer_reported_not_independently_reconciled,2026-09-29,tokens_research.md
T11,https://xrpl.org/docs/concepts/transactions/transaction-cost,XRPL fees,Retrieved 2026-09-29; document dates distinguished in report,"XRP transaction fees destroyed, not paid to holder",primary_document_verified_mechanism_only,2026-09-29,tokens_research.md
T12,https://developers.stellar.org/docs/learn/fundamentals/lumens,Stellar supply,Retrieved 2026-09-29; document dates distinguished in report,Fee pool noncirculating; distributions can increase float despite disabled inflation,primary_document_verified_mechanism_only,2026-09-29,tokens_research.md
T13,https://governance.aave.com/t/restart-aave-buy-backs/24936,Community thread,Retrieved 2026-09-29; document dates distinguished in report,Calls to restart AAVE and future buyback design do not prove execution,proposal_or_discussion_not_execution,2026-09-29,tokens_research.md
T14,https://vote.sky.money/executive/template-executive-vote-monthly-settlement-cycle-for-august-2026-treasury-management-function-parameter-updates-increase-mkr-sky-delayed-upgrade-penalty-adjust-allocator-vault-dc-iam-parameters-prime-agent-proxy-spells-september-10-2026,Executive proposal,Retrieved 2026-09-29; document dates distinguished in report,September 10 SKY changes conditional; linked execution explorer inaccessible,proposal_or_discussion_not_execution,2026-09-29,tokens_research.md
T15,https://sky.money/blog/what-staking-sky-unlocks,September 25 explanation,Retrieved 2026-09-29; document dates distinguished in report,Frontend describes current treasury and buyback-funded SKY rewards,issuer_reported_not_independently_reconciled,2026-09-29,tokens_research.md
T16,https://metrics.chain.link/reserve,Reserve dashboard,Retrieved 2026-09-29; document dates distinguished in report,Official dashboard reached; no current balance certified in this pass,primary_document_verified_mechanism_only,2026-09-29,tokens_research.md
T17,https://www.circle.com/pressroom/circle-launches-arc-mainnet-an-economic-operating-system-for-the-internet,Announcement,Retrieved 2026-09-29; document dates distinguished in report,Issuer announcement of Arc mainnet September 16 with USDC fees; adoption claims unverified,issuer_reported_not_independently_reconciled,2026-09-29,tokens_research.md
T18,https://tempo.xyz/,Website,Retrieved 2026-09-29; document dates distinguished in report,Tempo advertises mainnet and USD stablecoin fees,issuer_reported_not_independently_reconciled,2026-09-29,tokens_research.md
T19,https://docs.tempo.xyz/,Docs,Retrieved 2026-09-29; document dates distinguished in report,Tempo documents mainnet payments interfaces,primary_document_verified_mechanism_only,2026-09-29,tokens_research.md
T20,https://www.plasma.org/company/blog/xpl-the-public-sale-and-its-role-in-the-plasma-ecosystem,Allocation,Retrieved 2026-09-29; document dates distinguished in report,"XPL published allocation, cliff and conditional inflation schedule; unlock execution unverified",issuer_reported_not_independently_reconciled,2026-09-29,tokens_research.md
T21,https://www.plasma.org/company/blog/plasma-mainnet-beta-and-xpl,Launch,Retrieved 2026-09-29; document dates distinguished in report,Plasma announced September 25 2025 beta launch,issuer_reported_not_independently_reconciled,2026-09-29,tokens_research.md
T22,https://etherscan.io/address/0x86d6CdD0D259AAAfb8134D47464b77743F50380B,SKY September executive spell,Attempted 2026-09-29,Execution could not be independently verified; fetch 403,blocked_403,2026-09-29,tokens_research.md
T23,https://etherscan.io/address/0x9A709B7B69EA42D5eeb1ceBC48674C69E1569eC6,Chainlink reserve contract,Attempted 2026-09-29,Reserve balance and transactions not independently verified; fetch 403,blocked_403,2026-09-29,tokens_research.md
R01,https://www.legislation.gov.au/C2026A00038/asmade/2026-04-08/text/original/epub/OEBPS/document_1/document_1.html,Corporations Amendment (Digital Assets Framework) Act 2026,Assent 2026-04-08; commencement 2027-04-08,Act enacted but not yet commenced at cutoff,verified-primary,2026-09-29,risk_research.md
R02,https://www.asic.gov.au/regulatory-resources/digital-transformation/digital-assets-financial-products-and-services,ASIC INFO225,Retrieved 2026-09-29,Product rights and arrangements determine financial-product analysis; reform-status prose partly stale,verified-primary-with-stale-reform-status,2026-09-29,risk_research.md
R03,https://treasury.gov.au/policy-topics/banking-and-finance/payments-licensing-reforms,Treasury payments licensing reforms,Retrieved 2026-09-29,Tranche 1 payments package described as draft legislation,verified-primary-proposal,2026-09-29,risk_research.md
R04,https://www.govinfo.gov/content/pkg/PLAW-119publ27/pdf/PLAW-119publ27.pdf,GENIUS Act Public Law 119-27,Approved 2025-07-18,Section20 general effective-date formula; Section3 separate delayed offer/sale restriction,verified-primary,2026-09-29,risk_research.md
R05,https://www.occ.gov/news-issuances/news-releases/2026/nr-occ-2026-69.html,OCC GENIUS next steps,2026-08-19,OCC anticipated November final rule; all-agency status not established,verified-primary-limited-scope,2026-09-29,risk_research.md
R06,https://www.circle.com/legal/usdc-terms,Circle USDC terms,Retrieved 2026-09-29,Direct redemption conditional on Circle Mint eligibility; no reserve-interest entitlement; no deposit insurance,verified-issuer-terms,2026-09-29,risk_research.md
R07,https://tether.to/en/legal/,Tether legal terms,Retrieved 2026-09-29,Direct redemption requires verified customer and subject to conditions/fees,verified-issuer-terms,2026-09-29,risk_research.md
R08,https://docs.ethena.fi/resources/faq,Ethena FAQ,Retrieved 2026-09-29,Hedged synthetic dollar mechanics and possible sustained negative funding,verified-issuer-description-not-independent-safety-assurance,2026-09-29,risk_research.md
R09,https://www.ato.gov.au/individuals-and-families/investments-and-assets/crypto-asset-investments/keeping-crypto-records?anchor=Cryptoassettransactionrecords,ATO Keeping crypto records,Updated 2024-06-16; retrieved 2026-09-29,Record transactions and AUD values; no personal tax conclusion,primary-search-excerpt-open-failed,2026-09-29,risk_research.md
R10,https://www.visaonchainanalytics.com/transactions,Visa Onchain Analytics methodology,Retrieved 2026-09-29,Adjusted volume filters and probabilistic labels; includes categories beyond payments,verified-primary,2026-09-29,risk_research.md
R11,https://dune.com/data,Dune data catalog,Retrieved 2026-09-29,Stablecoin transfer and holder datasets available; query correctness not independently tested,verified-provider-description,2026-09-29,risk_research.md
R12,https://docs.llama.fi/analysts/data-definitions,DefiLlama data definitions,Retrieved 2026-09-29,"Separate TVL, flows, fees and revenue definitions",verified-primary,2026-09-29,risk_research.md
R13,https://docs.llama.fi/list-your-project/other-dashboards,DefiLlama dimensions adapters,Retrieved 2026-09-29,Supply-side revenue distinct from protocol/holder revenue,primary-search-excerpt,2026-09-29,risk_research.md
M01,https://defillama.com/stablecoins,DefiLlama webpage,Retrieved 2026-09-29,306.306bn headline; different from API snapshot,provider_snapshot_scope_unresolved,2026-09-29,STABLECOIN_INVESTMENT_MAP.md
M02,https://stablecoins.llama.fi/stablecoins?includePrices=true,DefiLlama assets API,Retrieved 2026-09-29,427 records; nominal USD-peg subtotal313.019bn; contains heterogeneous products,provider_snapshot_scope_unresolved,2026-09-29,STABLECOIN_INVESTMENT_MAP.md
M03,https://stablecoins.llama.fi/stablecoinchains,DefiLlama chain API,Retrieved 2026-09-29,Chain totals from current API,provider_snapshot,2026-09-29,STABLECOIN_INVESTMENT_MAP.md
M04,"https://api.binance.com/api/v3/ticker/bookTicker?symbols=%5B%22ETHUSDT%22,%22SOLUSDT%22,%22TRXUSDT%22,%22LINKUSDT%22,%22AAVEUSDT%22,%22SKYUSDT%22,%22XRPUSDT%22,%22XLMUSDT%22%5D",Binance bookTicker,Retrieved 2026-09-29,Bid ask snapshots in USDT,primary_market_snapshot,2026-09-29,STABLECOIN_INVESTMENT_MAP.md
M05,https://docs.alpaca.markets/docs/market-data,Alpaca IEX connector,Retrieved 2026-09-29,Latest trade response preserved; no execution suitability claimed,primary_market_snapshot,2026-09-29,STABLECOIN_INVESTMENT_MAP.md
M06,https://www.bis.org/publications/iii-anchoring-trust-money-innovation-beyond-stablecoins,BIS tokenisation countercase,Retrieved 2026-09-29,Tokenised bank money competes with stablecoins,primary_institutional_analysis,2026-09-29,STABLECOIN_INVESTMENT_MAP.md
M07,https://www.circle.com/transparency,Circle reserve transparency,Retrieved 2026-09-29,Reserve categories and report scope,primary_issuer_disclosure,2026-09-29,STABLECOIN_INVESTMENT_MAP.md
M08,https://stablecoins.llama.fi/stablecoincharts/all,DefiLlama aggregate chart,Retrieved 2026-09-29,312.963bn USD-equivalent at2026-09-29T00:00Z; differing universe/time,provider_snapshot_scope_unresolved,2026-09-29,STABLECOIN_INVESTMENT_MAP.md
