source,source_row,name,claimed_status,url,source_url,retrieved_at_utc,match_method,acma_rows,service_keys,reconciliation,alias_evidence
mybettingsites,1,CrownBet,active,,https://mybettingsites.com/au/articles/list-of-all-online-betting-sites-australia,2026-09-29T10:09:49.579715+00:00,normalized_brand,[76],"[""crownbet.com.au""]",matched_register,{}
mybettingsites,2,NextBet,active,,https://mybettingsites.com/au/articles/list-of-all-online-betting-sites-australia,2026-09-29T10:09:49.579715+00:00,normalized_brand,[130],"[""nextbet.com.au""]",matched_register,{}
mybettingsites,3,Neds,active,,https://mybettingsites.com/au/articles/list-of-all-online-betting-sites-australia,2026-09-29T10:09:49.579715+00:00,normalized_brand,[128],"[""neds.com.au""]",matched_register,{}
mybettingsites,4,BetReal,active,,https://mybettingsites.com/au/articles/list-of-all-online-betting-sites-australia,2026-09-29T10:09:49.579715+00:00,normalized_brand,[57],"[""betreal.com.au""]",matched_register,{}
mybettingsites,5,TradieBET,active,,https://mybettingsites.com/au/articles/list-of-all-online-betting-sites-australia,2026-09-29T10:09:49.579715+00:00,normalized_brand,[200],"[""tradie.bet""]",matched_register,{}
mybettingsites,6,UpYaGo,active,,https://mybettingsites.com/au/articles/list-of-all-online-betting-sites-australia,2026-09-29T10:09:49.579715+00:00,normalized_brand,[205],"[""upyago.com.au""]",matched_register,{}
mybettingsites,7,Next2Go,active,,https://mybettingsites.com/au/articles/list-of-all-online-betting-sites-australia,2026-09-29T10:09:49.579715+00:00,normalized_brand,[129],"[""next2go.com.au""]",matched_register,{}
mybettingsites,8,betr,active,,https://mybettingsites.com/au/articles/list-of-all-online-betting-sites-australia,2026-09-29T10:09:49.579715+00:00,normalized_brand,[55],"[""betr.com.au""]",matched_register,{}
mybettingsites,9,Bet365,active,,https://mybettingsites.com/au/articles/list-of-all-online-betting-sites-australia,2026-09-29T10:09:49.579715+00:00,normalized_brand,[23],"[""bet365.com.au""]",matched_register,{}
mybettingsites,10,Picklebet,active,,https://mybettingsites.com/au/articles/list-of-all-online-betting-sites-australia,2026-09-29T10:09:49.579715+00:00,normalized_brand,[142],"[""picklebet.com""]",matched_register,{}
mybettingsites,11,Dabble,active,,https://mybettingsites.com/au/articles/list-of-all-online-betting-sites-australia,2026-09-29T10:09:49.579715+00:00,normalized_brand,[77],"[""dabble.com.au""]",matched_register,{}
mybettingsites,12,BetaBets,active,,https://mybettingsites.com/au/articles/list-of-all-online-betting-sites-australia,2026-09-29T10:09:49.579715+00:00,normalized_brand,[25],"[""betabets.com.au""]",matched_register,{}
mybettingsites,13,Cash Cage,active,,https://mybettingsites.com/au/articles/list-of-all-online-betting-sites-australia,2026-09-29T10:09:49.579715+00:00,normalized_brand,[70],"[""cashcage.com.au""]",matched_register,{}
mybettingsites,14,BearBet,active,,https://mybettingsites.com/au/articles/list-of-all-online-betting-sites-australia,2026-09-29T10:09:49.579715+00:00,normalized_brand,[9],"[""bearbet.com.au""]",matched_register,{}
mybettingsites,15,TeamBet,active,,https://mybettingsites.com/au/articles/list-of-all-online-betting-sites-australia,2026-09-29T10:09:49.579715+00:00,normalized_brand,[193],"[""teambet.com.au""]",matched_register,{}
mybettingsites,16,MillennialBet,active,,https://mybettingsites.com/au/articles/list-of-all-online-betting-sites-australia,2026-09-29T10:09:49.579715+00:00,normalized_brand,[121],"[""millennialbet.com.au""]",matched_register,{}
mybettingsites,17,Bet Dragon,active,,https://mybettingsites.com/au/articles/list-of-all-online-betting-sites-australia,2026-09-29T10:09:49.579715+00:00,normalized_brand,[16],"[""betdragon.au""]",matched_register,{}
mybettingsites,18,RipperBet,active,,https://mybettingsites.com/au/articles/list-of-all-online-betting-sites-australia,2026-09-29T10:09:49.579715+00:00,normalized_brand,[163],"[""ripperbet.au""]",matched_register,{}
mybettingsites,19,BetLegends,active,,https://mybettingsites.com/au/articles/list-of-all-online-betting-sites-australia,2026-09-29T10:09:49.579715+00:00,normalized_brand,[17],"[""betlegends.com.au""]",matched_register,{}
mybettingsites,20,ClubBet,active,,https://mybettingsites.com/au/articles/list-of-all-online-betting-sites-australia,2026-09-29T10:09:49.579715+00:00,normalized_brand,[74],"[""clubbet.au""]",matched_register,{}
mybettingsites,21,StableBet,active,,https://mybettingsites.com/au/articles/list-of-all-online-betting-sites-australia,2026-09-29T10:09:49.579715+00:00,normalized_brand,[178],"[""stablebet.com.au""]",matched_register,{}
mybettingsites,22,PuntX,active,,https://mybettingsites.com/au/articles/list-of-all-online-betting-sites-australia,2026-09-29T10:09:49.579715+00:00,normalized_brand,[155],"[""puntx.com.au""]",matched_register,{}
mybettingsites,23,Betblitz,active,,https://mybettingsites.com/au/articles/list-of-all-online-betting-sites-australia,2026-09-29T10:09:49.579715+00:00,normalized_brand,[30],"[""betblitz.com.au""]",matched_register,{}
mybettingsites,24,Ladbrokes,active,,https://mybettingsites.com/au/articles/list-of-all-online-betting-sites-australia,2026-09-29T10:09:49.579715+00:00,normalized_brand,[109],"[""ladbrokes.com.au""]",matched_register,{}
mybettingsites,25,Unibet,active,,https://mybettingsites.com/au/articles/list-of-all-online-betting-sites-australia,2026-09-29T10:09:49.579715+00:00,normalized_brand,[203],"[""unibet.com.au""]",matched_register,{}
mybettingsites,26,BetAces,active,,https://mybettingsites.com/au/articles/list-of-all-online-betting-sites-australia,2026-09-29T10:09:49.579715+00:00,normalized_brand,[26],"[""betaces.com.au""]",matched_register,{}
mybettingsites,27,BlondeBet,active,,https://mybettingsites.com/au/articles/list-of-all-online-betting-sites-australia,2026-09-29T10:09:49.579715+00:00,normalized_brand,[62],"[""blondebet.com.au""]",matched_register,{}
mybettingsites,28,XcelBet,active,,https://mybettingsites.com/au/articles/list-of-all-online-betting-sites-australia,2026-09-29T10:09:49.579715+00:00,normalized_brand,[218],"[""xcelbet.com.au""]",matched_register,{}
mybettingsites,29,MintBet,active,,https://mybettingsites.com/au/articles/list-of-all-online-betting-sites-australia,2026-09-29T10:09:49.579715+00:00,normalized_brand,[122],"[""mintbet.au""]",matched_register,{}
mybettingsites,30,BetBuzz,active,,https://mybettingsites.com/au/articles/list-of-all-online-betting-sites-australia,2026-09-29T10:09:49.579715+00:00,normalized_brand,[14],"[""betbuzz.au""]",matched_register,{}
mybettingsites,31,Bet Alpha,active,,https://mybettingsites.com/au/articles/list-of-all-online-betting-sites-australia,2026-09-29T10:09:49.579715+00:00,normalized_brand,[12],"[""betalpha.au""]",matched_register,{}
mybettingsites,32,BetEstate,active,,https://mybettingsites.com/au/articles/list-of-all-online-betting-sites-australia,2026-09-29T10:09:49.579715+00:00,normalized_brand,[37],"[""betestate.com.au""]",matched_register,{}
mybettingsites,33,Star Sports Australia,active,,https://mybettingsites.com/au/articles/list-of-all-online-betting-sites-australia,2026-09-29T10:09:49.579715+00:00,curated_brand_alias,[179],"[""starsports.com.au""]",matched_register,{}
mybettingsites,34,BetSupreme,active,,https://mybettingsites.com/au/articles/list-of-all-online-betting-sites-australia,2026-09-29T10:09:49.579715+00:00,normalized_brand,[21],"[""betsupreme.com.au""]",matched_register,{}
mybettingsites,35,BetAus,active,,https://mybettingsites.com/au/articles/list-of-all-online-betting-sites-australia,2026-09-29T10:09:49.579715+00:00,curated_brand_alias,[28],"[""betaus.com.au""]",matched_register,{}
mybettingsites,36,Marantelli Bet,active,,https://mybettingsites.com/au/articles/list-of-all-online-betting-sites-australia,2026-09-29T10:09:49.579715+00:00,normalized_brand,[115],"[""marantellibet.com""]",matched_register,{}
mybettingsites,37,Topbet,active,,https://mybettingsites.com/au/articles/list-of-all-online-betting-sites-australia,2026-09-29T10:09:49.579715+00:00,normalized_brand,[198],"[""topbet.au""]",matched_register,{}
mybettingsites,38,Betfocus,active,,https://mybettingsites.com/au/articles/list-of-all-online-betting-sites-australia,2026-09-29T10:09:49.579715+00:00,normalized_brand,[41],"[""betfocus.com.au""]",matched_register,{}
mybettingsites,39,WizBet,active,,https://mybettingsites.com/au/articles/list-of-all-online-betting-sites-australia,2026-09-29T10:09:49.579715+00:00,normalized_brand,[215],"[""wizbet.com.au""]",matched_register,{}
mybettingsites,40,BetYouCan,active,,https://mybettingsites.com/au/articles/list-of-all-online-betting-sites-australia,2026-09-29T10:09:49.579715+00:00,normalized_brand,[22],"[""betyoucan.au""]",matched_register,{}
mybettingsites,41,XBet,active,,https://mybettingsites.com/au/articles/list-of-all-online-betting-sites-australia,2026-09-29T10:09:49.579715+00:00,normalized_brand,[217],"[""xbet.net.au""]",matched_register,{}
mybettingsites,42,BetChamps,active,,https://mybettingsites.com/au/articles/list-of-all-online-betting-sites-australia,2026-09-29T10:09:49.579715+00:00,normalized_brand,[33],"[""betchamps.com.au""]",matched_register,{}
mybettingsites,43,ReadyBet,active,,https://mybettingsites.com/au/articles/list-of-all-online-betting-sites-australia,2026-09-29T10:09:49.579715+00:00,normalized_brand,[160],"[""readybet.com.au""]",matched_register,{}
mybettingsites,44,Betfair,active,,https://mybettingsites.com/au/articles/list-of-all-online-betting-sites-australia,2026-09-29T10:09:49.579715+00:00,normalized_brand,[39],"[""betfair.com.au""]",matched_register,{}
mybettingsites,45,TrueBet,active,,https://mybettingsites.com/au/articles/list-of-all-online-betting-sites-australia,2026-09-29T10:09:49.579715+00:00,normalized_brand,[201],"[""truebet.com.au""]",matched_register,{}
mybettingsites,46,BetLocal,active,,https://mybettingsites.com/au/articles/list-of-all-online-betting-sites-australia,2026-09-29T10:09:49.579715+00:00,normalized_brand,[48],"[""betlocal.com.au""]",matched_register,{}
mybettingsites,47,LightningBet,active,,https://mybettingsites.com/au/articles/list-of-all-online-betting-sites-australia,2026-09-29T10:09:49.579715+00:00,normalized_brand,[112],"[""lightningbet.com.au""]",matched_register,{}
mybettingsites,48,PremiumBet,active,,https://mybettingsites.com/au/articles/list-of-all-online-betting-sites-australia,2026-09-29T10:09:49.579715+00:00,normalized_brand,[149],"[""premiumbet.com.au""]",matched_register,{}
mybettingsites,49,BaggyBet,active,,https://mybettingsites.com/au/articles/list-of-all-online-betting-sites-australia,2026-09-29T10:09:49.579715+00:00,normalized_brand,[6],"[""baggybet.com""]",matched_register,{}
mybettingsites,50,Punt123,active,,https://mybettingsites.com/au/articles/list-of-all-online-betting-sites-australia,2026-09-29T10:09:49.579715+00:00,curated_brand_alias,[151],"[""punt123.bet""]",matched_register,{}
mybettingsites,51,Bet Right,active,,https://mybettingsites.com/au/articles/list-of-all-online-betting-sites-australia,2026-09-29T10:09:49.579715+00:00,normalized_brand,[19],"[""betright.com.au""]",matched_register,{}
mybettingsites,52,EpicOdds,active,,https://mybettingsites.com/au/articles/list-of-all-online-betting-sites-australia,2026-09-29T10:09:49.579715+00:00,normalized_brand,[87],"[""epicodds.com.au""]",matched_register,{}
mybettingsites,53,GoldenBet888,active,,https://mybettingsites.com/au/articles/list-of-all-online-betting-sites-australia,2026-09-29T10:09:49.579715+00:00,normalized_brand,[96],"[""goldenbet888.com.au""]",matched_register,{}
mybettingsites,54,TitanBet,active,,https://mybettingsites.com/au/articles/list-of-all-online-betting-sites-australia,2026-09-29T10:09:49.579715+00:00,normalized_brand,[197],"[""titanbet.com.au""]",matched_register,{}
mybettingsites,55,ChromaBet,active,,https://mybettingsites.com/au/articles/list-of-all-online-betting-sites-australia,2026-09-29T10:09:49.579715+00:00,normalized_brand,[72],"[""chromabet.com.au""]",matched_register,{}
mybettingsites,56,Bet777,active,,https://mybettingsites.com/au/articles/list-of-all-online-betting-sites-australia,2026-09-29T10:09:49.579715+00:00,normalized_brand,[24],"[""bet777.com.au""]",matched_register,{}
mybettingsites,57,TempleBet,active,,https://mybettingsites.com/au/articles/list-of-all-online-betting-sites-australia,2026-09-29T10:09:49.579715+00:00,normalized_brand,[195],"[""templebet.com.au""]",matched_register,{}
mybettingsites,58,JuicyBet,active,,https://mybettingsites.com/au/articles/list-of-all-online-betting-sites-australia,2026-09-29T10:09:49.579715+00:00,normalized_brand,[105],"[""juicybet.com.au""]",matched_register,{}
mybettingsites,59,BetProfessor,active,,https://mybettingsites.com/au/articles/list-of-all-online-betting-sites-australia,2026-09-29T10:09:49.579715+00:00,normalized_brand,[54],"[""betprofessor.com.au""]",matched_register,{}
mybettingsites,60,WellBet,active,,https://mybettingsites.com/au/articles/list-of-all-online-betting-sites-australia,2026-09-29T10:09:49.579715+00:00,normalized_brand,[211],"[""wellbet.com.au""]",matched_register,{}
mybettingsites,61,QuestBet,active,,https://mybettingsites.com/au/articles/list-of-all-online-betting-sites-australia,2026-09-29T10:09:49.579715+00:00,normalized_brand,[157],"[""questbet.com.au""]",matched_register,{}
mybettingsites,62,BetGalaxy,active,,https://mybettingsites.com/au/articles/list-of-all-online-betting-sites-australia,2026-09-29T10:09:49.579715+00:00,normalized_brand,[42],"[""betgalaxy.com.au""]",matched_register,{}
mybettingsites,63,UPCoz,active,,https://mybettingsites.com/au/articles/list-of-all-online-betting-sites-australia,2026-09-29T10:09:49.579715+00:00,normalized_brand,[204],"[""upcoz.com""]",matched_register,{}
mybettingsites,64,RealBookie,active,,https://mybettingsites.com/au/articles/list-of-all-online-betting-sites-australia,2026-09-29T10:09:49.579715+00:00,normalized_brand,[161],"[""realbookie.com.au""]",matched_register,{}
mybettingsites,65,BetBetBet,active,,https://mybettingsites.com/au/articles/list-of-all-online-betting-sites-australia,2026-09-29T10:09:49.579715+00:00,normalized_brand,[29],"[""betbetbet.net.au""]",matched_register,{}
mybettingsites,66,Lets Bet,active,,https://mybettingsites.com/au/articles/list-of-all-online-betting-sites-australia,2026-09-29T10:09:49.579715+00:00,normalized_brand,[111],"[""letsbet.net.au""]",matched_register,{}
mybettingsites,67,HavaBet,active,,https://mybettingsites.com/au/articles/list-of-all-online-betting-sites-australia,2026-09-29T10:09:49.579715+00:00,normalized_brand,[98],"[""havabet.com.au""]",matched_register,{}
mybettingsites,68,PlayUp,active,,https://mybettingsites.com/au/articles/list-of-all-online-betting-sites-australia,2026-09-29T10:09:49.579715+00:00,normalized_brand,[145],"[""playup.com.au/betting""]",matched_register,{}
mybettingsites,69,BetRaven,active,,https://mybettingsites.com/au/articles/list-of-all-online-betting-sites-australia,2026-09-29T10:09:49.579715+00:00,normalized_brand,[56],"[""betraven.com.au""]",matched_register,{}
mybettingsites,70,OnlyBets,active,,https://mybettingsites.com/au/articles/list-of-all-online-betting-sites-australia,2026-09-29T10:09:49.579715+00:00,normalized_brand,[134],"[""onlybets.com.au""]",matched_register,{}
mybettingsites,71,BetNow,active,,https://mybettingsites.com/au/articles/list-of-all-online-betting-sites-australia,2026-09-29T10:09:49.579715+00:00,normalized_brand,[52],"[""betnow.com.au""]",matched_register,{}
mybettingsites,72,PuntZone,active,,https://mybettingsites.com/au/articles/list-of-all-online-betting-sites-australia,2026-09-29T10:09:49.579715+00:00,normalized_brand,[156],"[""puntzone.com.au""]",matched_register,{}
mybettingsites,73,BetNova,active,,https://mybettingsites.com/au/articles/list-of-all-online-betting-sites-australia,2026-09-29T10:09:49.579715+00:00,normalized_brand,[51],"[""betnova.com.au""]",matched_register,{}
mybettingsites,74,NinjaBet,active,,https://mybettingsites.com/au/articles/list-of-all-online-betting-sites-australia,2026-09-29T10:09:49.579715+00:00,normalized_brand,[131],"[""ninjabet.com.au""]",matched_register,{}
mybettingsites,75,DashBet,active,,https://mybettingsites.com/au/articles/list-of-all-online-betting-sites-australia,2026-09-29T10:09:49.579715+00:00,normalized_brand,[80],"[""dashbet.com.au""]",matched_register,{}
mybettingsites,76,PandaBet,active,,https://mybettingsites.com/au/articles/list-of-all-online-betting-sites-australia,2026-09-29T10:09:49.579715+00:00,normalized_brand,[136],"[""pandabet.com.au""]",matched_register,{}
mybettingsites,77,JustBet,active,,https://mybettingsites.com/au/articles/list-of-all-online-betting-sites-australia,2026-09-29T10:09:49.579715+00:00,normalized_brand,[107],"[""justbet.com.au""]",matched_register,{}
mybettingsites,78,PuntNow,active,,https://mybettingsites.com/au/articles/list-of-all-online-betting-sites-australia,2026-09-29T10:09:49.579715+00:00,normalized_brand,[153],"[""puntnow.com.au""]",matched_register,{}
mybettingsites,79,WinnersBet,active,,https://mybettingsites.com/au/articles/list-of-all-online-betting-sites-australia,2026-09-29T10:09:49.579715+00:00,normalized_brand,[213],"[""winnersbet.com.au""]",matched_register,{}
mybettingsites,80,MidasBet,active,,https://mybettingsites.com/au/articles/list-of-all-online-betting-sites-australia,2026-09-29T10:09:49.579715+00:00,normalized_brand,[119],"[""midasbet.com.au""]",matched_register,{}
mybettingsites,81,Draftstars,active,,https://mybettingsites.com/au/articles/list-of-all-online-betting-sites-australia,2026-09-29T10:09:49.579715+00:00,normalized_brand,[83],"[""playup.com.au/fantasy""]",matched_register,{}
mybettingsites,82,Sportsbet,active,,https://mybettingsites.com/au/articles/list-of-all-online-betting-sites-australia,2026-09-29T10:09:49.579715+00:00,normalized_brand,[176],"[""sportsbet.com.au""]",matched_register,{}
mybettingsites,83,PointsBet,active,,https://mybettingsites.com/au/articles/list-of-all-online-betting-sites-australia,2026-09-29T10:09:49.579715+00:00,normalized_brand,[147],"[""pointsbet.com.au""]",matched_register,{}
mybettingsites,84,Swiftbet,active,,https://mybettingsites.com/au/articles/list-of-all-online-betting-sites-australia,2026-09-29T10:09:49.579715+00:00,normalized_brand,[184],"[""swiftbet.com.au""]",matched_register,{}
mybettingsites,85,Palmerbet,active,,https://mybettingsites.com/au/articles/list-of-all-online-betting-sites-australia,2026-09-29T10:09:49.579715+00:00,normalized_brand,[135],"[""palmerbet.com""]",matched_register,{}
mybettingsites,86,Chasebet,active,,https://mybettingsites.com/au/articles/list-of-all-online-betting-sites-australia,2026-09-29T10:09:49.579715+00:00,normalized_brand,[71],"[""chasebet.com.au""]",matched_register,{}
mybettingsites,87,Terrybet,active,,https://mybettingsites.com/au/articles/list-of-all-online-betting-sites-australia,2026-09-29T10:09:49.579715+00:00,normalized_brand,[196],"[""terrybet.com.au""]",matched_register,{}
mybettingsites,88,EliteBet,active,,https://mybettingsites.com/au/articles/list-of-all-online-betting-sites-australia,2026-09-29T10:09:49.579715+00:00,normalized_brand,[85],"[""elitebet.com.au""]",matched_register,{}
mybettingsites,89,VicBet,active,,https://mybettingsites.com/au/articles/list-of-all-online-betting-sites-australia,2026-09-29T10:09:49.579715+00:00,normalized_brand,[206],"[""vicbet.com""]",matched_register,{}
mybettingsites,90,Colossalbet,active,,https://mybettingsites.com/au/articles/list-of-all-online-betting-sites-australia,2026-09-29T10:09:49.579715+00:00,normalized_brand,[75],"[""colossalbet.com.au""]",matched_register,{}
mybettingsites,91,123bet,active,,https://mybettingsites.com/au/articles/list-of-all-online-betting-sites-australia,2026-09-29T10:09:49.579715+00:00,normalized_brand,[1],"[""123bet.com.au""]",matched_register,{}
mybettingsites,92,RobWaterhouse.com,active,,https://mybettingsites.com/au/articles/list-of-all-online-betting-sites-australia,2026-09-29T10:09:49.579715+00:00,curated_brand_alias,[165],"[""robwaterhouse.com""]",matched_register,{}
mybettingsites,93,BetBunker,active,,https://mybettingsites.com/au/articles/list-of-all-online-betting-sites-australia,2026-09-29T10:09:49.579715+00:00,normalized_brand,[13],"[""betbunker.com.au""]",matched_register,{}
mybettingsites,94,PicnicBet,active,,https://mybettingsites.com/au/articles/list-of-all-online-betting-sites-australia,2026-09-29T10:09:49.579715+00:00,curated_brand_alias,[143],"[""picnicbet.com""]",matched_register,{}
mybettingsites,95,OKEBET,active,,https://mybettingsites.com/au/articles/list-of-all-online-betting-sites-australia,2026-09-29T10:09:49.579715+00:00,normalized_brand,[133],"[""okebet.com.au""]",matched_register,{}
mybettingsites,96,JimmyBet,active,,https://mybettingsites.com/au/articles/list-of-all-online-betting-sites-australia,2026-09-29T10:09:49.579715+00:00,normalized_brand,[103],"[""jimmybet.com.au""]",matched_register,{}
mybettingsites,97,GoldBet,active,,https://mybettingsites.com/au/articles/list-of-all-online-betting-sites-australia,2026-09-29T10:09:49.579715+00:00,normalized_brand,[95],"[""goldbet.com.au""]",matched_register,{}
mybettingsites,98,TAB,active,,https://mybettingsites.com/au/articles/list-of-all-online-betting-sites-australia,2026-09-29T10:09:49.579715+00:00,tab_service_alias,"[185, 186, 187, 188, 189, 190, 191]","[""tab.com.au""]",matched_register,{}
mybettingsites,99,TABtouch,active,,https://mybettingsites.com/au/articles/list-of-all-online-betting-sites-australia,2026-09-29T10:09:49.579715+00:00,normalized_brand,[192],"[""tabtouch.mobi""]",matched_register,{}
mybettingsites,100,BetGold,active,,https://mybettingsites.com/au/articles/list-of-all-online-betting-sites-australia,2026-09-29T10:09:49.579715+00:00,normalized_brand,[43],"[""betgold.com.au""]",matched_register,{}
mybettingsites,101,BossBet,active,,https://mybettingsites.com/au/articles/list-of-all-online-betting-sites-australia,2026-09-29T10:09:49.579715+00:00,normalized_brand,[66],"[""bossbet.com.au""]",matched_register,{}
mybettingsites,102,UltraBet,active,,https://mybettingsites.com/au/articles/list-of-all-online-betting-sites-australia,2026-09-29T10:09:49.579715+00:00,normalized_brand,[202],"[""ultrabet.com.au""]",matched_register,{}
mybettingsites,103,WishBet,active,,https://mybettingsites.com/au/articles/list-of-all-online-betting-sites-australia,2026-09-29T10:09:49.579715+00:00,normalized_brand,[214],"[""wishbet.com.au""]",matched_register,{}
mybettingsites,104,Cricketbet,active,,https://mybettingsites.com/au/articles/list-of-all-online-betting-sites-australia,2026-09-29T10:09:49.579715+00:00,unmatched,[],[],discovered_unverified,{}
mybettingsites,105,BetDeluxe,active,,https://mybettingsites.com/au/articles/list-of-all-online-betting-sites-australia,2026-09-29T10:09:49.579715+00:00,normalized_brand,[35],"[""betdeluxe.com.au""]",matched_register,{}
mybettingsites,106,Bet Nation,active,,https://mybettingsites.com/au/articles/list-of-all-online-betting-sites-australia,2026-09-29T10:09:49.579715+00:00,normalized_brand,[18],"[""betnation.com.au""]",matched_register,{}
mybettingsites,107,Surge,active,,https://mybettingsites.com/au/articles/list-of-all-online-betting-sites-australia,2026-09-29T10:09:49.579715+00:00,normalized_brand,[183],"[""surge.com.au""]",matched_register,{}
mybettingsites,108,Noisy,active,,https://mybettingsites.com/au/articles/list-of-all-online-betting-sites-australia,2026-09-29T10:09:49.579715+00:00,normalized_brand,[132],"[""noisy.com.au""]",matched_register,{}
mybettingsites,109,MyBet,active,,https://mybettingsites.com/au/articles/list-of-all-online-betting-sites-australia,2026-09-29T10:09:49.579715+00:00,normalized_brand,"[126, 127]","[""mybet.com.au""]",matched_register,{}
mybettingsites,110,PlayWest,active,,https://mybettingsites.com/au/articles/list-of-all-online-betting-sites-australia,2026-09-29T10:09:49.579715+00:00,normalized_brand,[146],"[""playwestbet.com""]",matched_register,{}
mybettingsites,111,HOT Bet,active,,https://mybettingsites.com/au/articles/list-of-all-online-betting-sites-australia,2026-09-29T10:09:49.579715+00:00,normalized_brand,[99],"[""hotbet.com.au""]",matched_register,{}
mybettingsites,112,PulseBet,active,,https://mybettingsites.com/au/articles/list-of-all-online-betting-sites-australia,2026-09-29T10:09:49.579715+00:00,normalized_brand,[150],"[""pulsebet.com.au""]",matched_register,{}
mybettingsites,113,BigBet,active,,https://mybettingsites.com/au/articles/list-of-all-online-betting-sites-australia,2026-09-29T10:09:49.579715+00:00,normalized_brand,[61],"[""bigbet.com.au""]",matched_register,{}
mybettingsites,114,PonyBet,active,,https://mybettingsites.com/au/articles/list-of-all-online-betting-sites-australia,2026-09-29T10:09:49.579715+00:00,normalized_brand,[148],"[""ponybet.com.au""]",matched_register,{}
mybettingsites,115,BoostBet,active,,https://mybettingsites.com/au/articles/list-of-all-online-betting-sites-australia,2026-09-29T10:09:49.579715+00:00,normalized_brand,[65],"[""boostbet.com.au""]",matched_register,{}
mybettingsites,116,GRSBet,active,,https://mybettingsites.com/au/articles/list-of-all-online-betting-sites-australia,2026-09-29T10:09:49.579715+00:00,normalized_brand,[97],"[""grsbet.com.au""]",matched_register,{}
mybettingsites,117,MightyBet,active,,https://mybettingsites.com/au/articles/list-of-all-online-betting-sites-australia,2026-09-29T10:09:49.579715+00:00,normalized_brand,[120],"[""mightybet.com.au""]",matched_register,{}
mybettingsites,118,YesBet,active,,https://mybettingsites.com/au/articles/list-of-all-online-betting-sites-australia,2026-09-29T10:09:49.579715+00:00,normalized_brand,[219],"[""yesbet.com.au""]",matched_register,{}
mybettingsites,119,Allbets,active,,https://mybettingsites.com/au/articles/list-of-all-online-betting-sites-australia,2026-09-29T10:09:49.579715+00:00,normalized_brand,[2],"[""allbets.com.au""]",matched_register,{}
mybettingsites,120,BetExpress,active,,https://mybettingsites.com/au/articles/list-of-all-online-betting-sites-australia,2026-09-29T10:09:49.579715+00:00,normalized_brand,[38],"[""betexpress.com.au""]",matched_register,{}
mybettingsites,121,BetJet,active,,https://mybettingsites.com/au/articles/list-of-all-online-betting-sites-australia,2026-09-29T10:09:49.579715+00:00,normalized_brand,[45],"[""betjet.com.au""]",matched_register,{}
mybettingsites,122,BetZooka,active,,https://mybettingsites.com/au/articles/list-of-all-online-betting-sites-australia,2026-09-29T10:09:49.579715+00:00,normalized_brand,[60],"[""betzooka.com.au""]",matched_register,{}
mybettingsites,123,BetDash,active,,https://mybettingsites.com/au/articles/list-of-all-online-betting-sites-australia,2026-09-29T10:09:49.579715+00:00,normalized_brand,[15],"[""betdash.com.au""]",matched_register,{}
mybettingsites,124,Betit,active,,https://mybettingsites.com/au/articles/list-of-all-online-betting-sites-australia,2026-09-29T10:09:49.579715+00:00,normalized_brand,[44],"[""betit.com.au""]",matched_register,{}
mybettingsites,125,KnuckleBet,active,,https://mybettingsites.com/au/articles/list-of-all-online-betting-sites-australia,2026-09-29T10:09:49.579715+00:00,normalized_brand,[108],"[""knucklebet.com.au""]",matched_register,{}
mybettingsites,126,Multis.com.au,active,,https://mybettingsites.com/au/articles/list-of-all-online-betting-sites-australia,2026-09-29T10:09:49.579715+00:00,normalized_brand,[124],"[""multis.com.au""]",matched_register,{}
mybettingsites,127,EarlyCrow,active,,https://mybettingsites.com/au/articles/list-of-all-online-betting-sites-australia,2026-09-29T10:09:49.579715+00:00,normalized_brand,[84],"[""earlycrow.bet""]",matched_register,{}
mybettingsites,128,LASERBET,active,,https://mybettingsites.com/au/articles/list-of-all-online-betting-sites-australia,2026-09-29T10:09:49.579715+00:00,normalized_brand,[110],"[""laserbet.com.au""]",matched_register,{}
mybettingsites,129,FatBet,active,,https://mybettingsites.com/au/articles/list-of-all-online-betting-sites-australia,2026-09-29T10:09:49.579715+00:00,normalized_brand,[89],"[""fatbet.com.au""]",matched_register,{}
mybettingsites,130,BallrBet,active,,https://mybettingsites.com/au/articles/list-of-all-online-betting-sites-australia,2026-09-29T10:09:49.579715+00:00,normalized_brand,[7],"[""ballrbet.com""]",matched_register,{}
mybettingsites,131,PUNTSPORT,active,,https://mybettingsites.com/au/articles/list-of-all-online-betting-sites-australia,2026-09-29T10:09:49.579715+00:00,normalized_brand,[154],"[""puntsport.com.au""]",matched_register,{}
mybettingsites,132,Dafabet,active,,https://mybettingsites.com/au/articles/list-of-all-online-betting-sites-australia,2026-09-29T10:09:49.579715+00:00,normalized_brand,[78],"[""dafabet.com.au""]",matched_register,{}
mybettingsites,133,RiverBet,active,,https://mybettingsites.com/au/articles/list-of-all-online-betting-sites-australia,2026-09-29T10:09:49.579715+00:00,normalized_brand,[164],"[""riverbet.com.au""]",matched_register,{}
mybettingsites,134,BetPinnacle,active,,https://mybettingsites.com/au/articles/list-of-all-online-betting-sites-australia,2026-09-29T10:09:49.579715+00:00,normalized_brand,[53],"[""betpinnacle.com.au""]",matched_register,{}
mybettingsites,135,GemBet,active,,https://mybettingsites.com/au/articles/list-of-all-online-betting-sites-australia,2026-09-29T10:09:49.579715+00:00,normalized_brand,[93],"[""gembet.com.au""]",matched_register,{}
mybettingsites,136,DonnieBet,active,,https://mybettingsites.com/au/articles/list-of-all-online-betting-sites-australia,2026-09-29T10:09:49.579715+00:00,normalized_brand,[82],"[""donniebet.com.au""]",matched_register,{}
mybettingsites,137,Infomarket,active,,https://mybettingsites.com/au/articles/list-of-all-online-betting-sites-australia,2026-09-29T10:09:49.579715+00:00,normalized_brand,[101],"[""infomarket.com.au""]",matched_register,{}
mybettingsites,138,BusinessBet,active,,https://mybettingsites.com/au/articles/list-of-all-online-betting-sites-australia,2026-09-29T10:09:49.579715+00:00,normalized_brand,[68],"[""businessbet.com.au""]",matched_register,{}
mybettingsites,139,RedBet,active,,https://mybettingsites.com/au/articles/list-of-all-online-betting-sites-australia,2026-09-29T10:09:49.579715+00:00,normalized_brand,[162],"[""redbet.com.au""]",matched_register,{}
puntguide,1,NextBet,active,https://www.nextbet.com.au,https://puntguide.com.au/all-betting-sites,2026-09-29T10:09:50.242051+00:00,normalized_brand,[130],"[""nextbet.com.au""]",matched_register,{}
puntguide,2,betr,active,,https://puntguide.com.au/all-betting-sites,2026-09-29T10:09:50.242051+00:00,normalized_brand,[55],"[""betr.com.au""]",matched_register,{}
puntguide,3,Dabble,active,https://www.dabble.com.au,https://puntguide.com.au/all-betting-sites,2026-09-29T10:09:50.242051+00:00,normalized_brand,[77],"[""dabble.com.au""]",matched_register,{}
puntguide,4,Bet Right,active,https://www.betright.com.au,https://puntguide.com.au/all-betting-sites,2026-09-29T10:09:50.242051+00:00,normalized_brand,[19],"[""betright.com.au""]",matched_register,{}
puntguide,5,Sportsbet,active,https://www.sportsbet.com.au,https://puntguide.com.au/all-betting-sites,2026-09-29T10:09:50.242051+00:00,normalized_brand,[176],"[""sportsbet.com.au""]",matched_register,{}
puntguide,6,PointsBet,active,https://www.pointsbet.com.au,https://puntguide.com.au/all-betting-sites,2026-09-29T10:09:50.242051+00:00,normalized_brand,[147],"[""pointsbet.com.au""]",matched_register,{}
puntguide,7,Picklebet,active,https://www.picklebet.com,https://puntguide.com.au/all-betting-sites,2026-09-29T10:09:50.242051+00:00,normalized_brand,[142],"[""picklebet.com""]",matched_register,{}
puntguide,8,Draftstars,active,https://www.draftstars.com.au,https://puntguide.com.au/all-betting-sites,2026-09-29T10:09:50.242051+00:00,normalized_brand,[83],"[""playup.com.au/fantasy""]",matched_register,{}
puntguide,9,Neds,active,https://www.neds.com.au,https://puntguide.com.au/all-betting-sites,2026-09-29T10:09:50.242051+00:00,normalized_brand,[128],"[""neds.com.au""]",matched_register,{}
puntguide,10,Bet365,active,https://www.bet365.com.au,https://puntguide.com.au/all-betting-sites,2026-09-29T10:09:50.242051+00:00,normalized_brand,[23],"[""bet365.com.au""]",matched_register,{}
puntguide,11,Ladbrokes,active,https://www.ladbrokes.com.au,https://puntguide.com.au/all-betting-sites,2026-09-29T10:09:50.242051+00:00,normalized_brand,[109],"[""ladbrokes.com.au""]",matched_register,{}
puntguide,12,Unibet,active,https://www.unibet.com.au,https://puntguide.com.au/all-betting-sites,2026-09-29T10:09:50.242051+00:00,normalized_brand,[203],"[""unibet.com.au""]",matched_register,{}
puntguide,13,BetJet,active,https://www.betjet.com.au,https://puntguide.com.au/all-betting-sites,2026-09-29T10:09:50.242051+00:00,normalized_brand,[45],"[""betjet.com.au""]",matched_register,{}
puntguide,14,Bet Dragon,active,https://betdragon.au,https://puntguide.com.au/all-betting-sites,2026-09-29T10:09:50.242051+00:00,normalized_brand,[16],"[""betdragon.au""]",matched_register,{}
puntguide,15,PuntZone,active,https://www.puntzone.com.au,https://puntguide.com.au/all-betting-sites,2026-09-29T10:09:50.242051+00:00,normalized_brand,[156],"[""puntzone.com.au""]",matched_register,{}
puntguide,16,Dafabet,active,,https://puntguide.com.au/all-betting-sites,2026-09-29T10:09:50.242051+00:00,normalized_brand,[78],"[""dafabet.com.au""]",matched_register,{}
puntguide,17,OnlyBets,active,https://www.onlybets.com.au,https://puntguide.com.au/all-betting-sites,2026-09-29T10:09:50.242051+00:00,normalized_brand,[134],"[""onlybets.com.au""]",matched_register,{}
puntguide,18,GemBet,active,https://www.gembet.com.au,https://puntguide.com.au/all-betting-sites,2026-09-29T10:09:50.242051+00:00,normalized_brand,[93],"[""gembet.com.au""]",matched_register,{}
puntguide,19,PuntNow,active,https://www.puntnow.com.au,https://puntguide.com.au/all-betting-sites,2026-09-29T10:09:50.242051+00:00,normalized_brand,[153],"[""puntnow.com.au""]",matched_register,{}
puntguide,20,Palmerbet,active,https://www.palmerbet.com,https://puntguide.com.au/all-betting-sites,2026-09-29T10:09:50.242051+00:00,normalized_brand,[135],"[""palmerbet.com""]",matched_register,{}
puntguide,21,BetDash,active,https://www.betdash.com.au,https://puntguide.com.au/all-betting-sites,2026-09-29T10:09:50.242051+00:00,normalized_brand,[15],"[""betdash.com.au""]",matched_register,{}
puntguide,22,BallrBet,active,https://www.ballrbet.com.au,https://puntguide.com.au/all-betting-sites,2026-09-29T10:09:50.242051+00:00,normalized_brand,[7],"[""ballrbet.com""]",matched_register,{}
puntguide,23,Bet Nation,active,https://www.betnation.com.au,https://puntguide.com.au/all-betting-sites,2026-09-29T10:09:50.242051+00:00,normalized_brand,[18],"[""betnation.com.au""]",matched_register,{}
puntguide,24,Surge,active,https://www.surge.com.au,https://puntguide.com.au/all-betting-sites,2026-09-29T10:09:50.242051+00:00,normalized_brand,[183],"[""surge.com.au""]",matched_register,{}
puntguide,25,Noisy,active,https://www.noisy.com.au,https://puntguide.com.au/all-betting-sites,2026-09-29T10:09:50.242051+00:00,normalized_brand,[132],"[""noisy.com.au""]",matched_register,{}
puntguide,26,PulseBet,active,https://www.pulsebet.com.au,https://puntguide.com.au/all-betting-sites,2026-09-29T10:09:50.242051+00:00,normalized_brand,[150],"[""pulsebet.com.au""]",matched_register,{}
puntguide,27,BigBet,active,https://www.bigbet.com.au,https://puntguide.com.au/all-betting-sites,2026-09-29T10:09:50.242051+00:00,normalized_brand,[61],"[""bigbet.com.au""]",matched_register,{}
puntguide,28,MightyBet,active,https://www.mightybet.com.au,https://puntguide.com.au/all-betting-sites,2026-09-29T10:09:50.242051+00:00,normalized_brand,[120],"[""mightybet.com.au""]",matched_register,{}
puntguide,29,YesBet,active,https://www.yesbet.com.au,https://puntguide.com.au/all-betting-sites,2026-09-29T10:09:50.242051+00:00,normalized_brand,[219],"[""yesbet.com.au""]",matched_register,{}
puntguide,30,BetExpress,active,https://www.betexpress.com.au,https://puntguide.com.au/all-betting-sites,2026-09-29T10:09:50.242051+00:00,normalized_brand,[38],"[""betexpress.com.au""]",matched_register,{}
puntguide,31,BetZooka,active,https://www.betzooka.com.au,https://puntguide.com.au/all-betting-sites,2026-09-29T10:09:50.242051+00:00,normalized_brand,[60],"[""betzooka.com.au""]",matched_register,{}
puntguide,32,BetReal,active,https://www.betreal.com.au,https://puntguide.com.au/all-betting-sites,2026-09-29T10:09:50.242051+00:00,normalized_brand,[57],"[""betreal.com.au""]",matched_register,{}
puntguide,33,TradieBET,active,https://www.tradie.bet,https://puntguide.com.au/all-betting-sites,2026-09-29T10:09:50.242051+00:00,normalized_brand,[200],"[""tradie.bet""]",matched_register,{}
puntguide,34,UpYaGo,active,https://www.upyago.com.au,https://puntguide.com.au/all-betting-sites,2026-09-29T10:09:50.242051+00:00,normalized_brand,[205],"[""upyago.com.au""]",matched_register,{}
puntguide,35,Next2Go,active,https://www.next2go.com.au,https://puntguide.com.au/all-betting-sites,2026-09-29T10:09:50.242051+00:00,normalized_brand,[129],"[""next2go.com.au""]",matched_register,{}
puntguide,36,TeamBet,active,https://www.teambet.com.au,https://puntguide.com.au/all-betting-sites,2026-09-29T10:09:50.242051+00:00,normalized_brand,[193],"[""teambet.com.au""]",matched_register,{}
puntguide,37,MillennialBet,active,https://www.millennialbet.com.au/,https://puntguide.com.au/all-betting-sites,2026-09-29T10:09:50.242051+00:00,normalized_brand,[121],"[""millennialbet.com.au""]",matched_register,{}
puntguide,38,PuntX,active,https://www.puntx.com.au,https://puntguide.com.au/all-betting-sites,2026-09-29T10:09:50.242051+00:00,normalized_brand,[155],"[""puntx.com.au""]",matched_register,{}
puntguide,39,Betblitz,active,https://www.betblitz.com.au,https://puntguide.com.au/all-betting-sites,2026-09-29T10:09:50.242051+00:00,normalized_brand,[30],"[""betblitz.com.au""]",matched_register,{}
puntguide,40,BlondeBet,active,https://www.blondebet.com.au,https://puntguide.com.au/all-betting-sites,2026-09-29T10:09:50.242051+00:00,normalized_brand,[62],"[""blondebet.com.au""]",matched_register,{}
puntguide,41,BetEstate,active,https://www.betestate.com.au,https://puntguide.com.au/all-betting-sites,2026-09-29T10:09:50.242051+00:00,normalized_brand,[37],"[""betestate.com.au""]",matched_register,{}
puntguide,42,BetSupreme,active,https://www.betsupreme.com.au,https://puntguide.com.au/all-betting-sites,2026-09-29T10:09:50.242051+00:00,normalized_brand,[21],"[""betsupreme.com.au""]",matched_register,{}
puntguide,43,BetAus,active,https://www.betaus.com.au,https://puntguide.com.au/all-betting-sites,2026-09-29T10:09:50.242051+00:00,curated_brand_alias,[28],"[""betaus.com.au""]",matched_register,{}
puntguide,44,Marantelli Bet,active,https://marantellibet.com/,https://puntguide.com.au/all-betting-sites,2026-09-29T10:09:50.242051+00:00,normalized_brand,[115],"[""marantellibet.com""]",matched_register,{}
puntguide,45,Terrybet,active,https://www.terrybet.com.au,https://puntguide.com.au/all-betting-sites,2026-09-29T10:09:50.242051+00:00,normalized_brand,[196],"[""terrybet.com.au""]",matched_register,{}
puntguide,46,Topbet,active,https://topbet.au,https://puntguide.com.au/all-betting-sites,2026-09-29T10:09:50.242051+00:00,normalized_brand,[198],"[""topbet.au""]",matched_register,{}
puntguide,47,WizBet,active,https://www.wizbet.com.au,https://puntguide.com.au/all-betting-sites,2026-09-29T10:09:50.242051+00:00,normalized_brand,[215],"[""wizbet.com.au""]",matched_register,{}
puntguide,48,BetYouCan,active,https://betyoucan.au,https://puntguide.com.au/all-betting-sites,2026-09-29T10:09:50.242051+00:00,normalized_brand,[22],"[""betyoucan.au""]",matched_register,{}
puntguide,49,BetChamps,active,https://www.betchamps.com.au,https://puntguide.com.au/all-betting-sites,2026-09-29T10:09:50.242051+00:00,normalized_brand,[33],"[""betchamps.com.au""]",matched_register,{}
puntguide,50,MintBet,active,https://mintbet.au,https://puntguide.com.au/all-betting-sites,2026-09-29T10:09:50.242051+00:00,normalized_brand,[122],"[""mintbet.au""]",matched_register,{}
puntguide,51,RipperBet,active,https://ripperbet.au,https://puntguide.com.au/all-betting-sites,2026-09-29T10:09:50.242051+00:00,normalized_brand,[163],"[""ripperbet.au""]",matched_register,{}
puntguide,52,BetBuzz,active,https://betbuzz.au,https://puntguide.com.au/all-betting-sites,2026-09-29T10:09:50.242051+00:00,normalized_brand,[14],"[""betbuzz.au""]",matched_register,{}
puntguide,53,Bet Alpha,active,https://betalpha.au,https://puntguide.com.au/all-betting-sites,2026-09-29T10:09:50.242051+00:00,normalized_brand,[12],"[""betalpha.au""]",matched_register,{}
puntguide,54,ReadyBet,active,https://www.readybet.com.au,https://puntguide.com.au/all-betting-sites,2026-09-29T10:09:50.242051+00:00,normalized_brand,[160],"[""readybet.com.au""]",matched_register,{}
puntguide,55,Betfair,active,https://www.betfair.com.au,https://puntguide.com.au/all-betting-sites,2026-09-29T10:09:50.242051+00:00,normalized_brand,[39],"[""betfair.com.au""]",matched_register,{}
puntguide,56,BetLocal,active,https://www.betlocal.com.au,https://puntguide.com.au/all-betting-sites,2026-09-29T10:09:50.242051+00:00,normalized_brand,[48],"[""betlocal.com.au""]",matched_register,{}
puntguide,57,LightningBet,active,https://www.lightningbet.com.au,https://puntguide.com.au/all-betting-sites,2026-09-29T10:09:50.242051+00:00,normalized_brand,[112],"[""lightningbet.com.au""]",matched_register,{}
puntguide,58,BaggyBet,active,https://www.baggybet.com.au,https://puntguide.com.au/all-betting-sites,2026-09-29T10:09:50.242051+00:00,normalized_brand,[6],"[""baggybet.com""]",matched_register,{}
puntguide,59,Punt123,active,https://punt123.bet,https://puntguide.com.au/all-betting-sites,2026-09-29T10:09:50.242051+00:00,curated_brand_alias,[151],"[""punt123.bet""]",matched_register,{}
puntguide,60,EpicOdds,active,https://www.epicodds.com.au,https://puntguide.com.au/all-betting-sites,2026-09-29T10:09:50.242051+00:00,normalized_brand,[87],"[""epicodds.com.au""]",matched_register,{}
puntguide,61,UPCoz,active,https://www.upcoz.com,https://puntguide.com.au/all-betting-sites,2026-09-29T10:09:50.242051+00:00,normalized_brand,[204],"[""upcoz.com""]",matched_register,{}
puntguide,62,RealBookie,active,https://www.realbookie.com.au,https://puntguide.com.au/all-betting-sites,2026-09-29T10:09:50.242051+00:00,normalized_brand,[161],"[""realbookie.com.au""]",matched_register,{}
puntguide,63,BetNow,active,https://www.betnow.com.au,https://puntguide.com.au/all-betting-sites,2026-09-29T10:09:50.242051+00:00,normalized_brand,[52],"[""betnow.com.au""]",matched_register,{}
puntguide,64,BetNova,active,https://www.betnova.com.au,https://puntguide.com.au/all-betting-sites,2026-09-29T10:09:50.242051+00:00,normalized_brand,[51],"[""betnova.com.au""]",matched_register,{}
puntguide,65,NinjaBet,active,https://www.ninjabet.com.au,https://puntguide.com.au/all-betting-sites,2026-09-29T10:09:50.242051+00:00,normalized_brand,[131],"[""ninjabet.com.au""]",matched_register,{}
puntguide,66,DashBet,active,https://www.dashbet.com.au,https://puntguide.com.au/all-betting-sites,2026-09-29T10:09:50.242051+00:00,normalized_brand,[80],"[""dashbet.com.au""]",matched_register,{}
puntguide,67,PandaBet,active,https://www.pandabet.com.au,https://puntguide.com.au/all-betting-sites,2026-09-29T10:09:50.242051+00:00,normalized_brand,[136],"[""pandabet.com.au""]",matched_register,{}
puntguide,68,JustBet,active,https://www.justbet.com.au,https://puntguide.com.au/all-betting-sites,2026-09-29T10:09:50.242051+00:00,normalized_brand,[107],"[""justbet.com.au""]",matched_register,{}
puntguide,69,WinnersBet,active,https://www.winnersbet.com.au,https://puntguide.com.au/all-betting-sites,2026-09-29T10:09:50.242051+00:00,normalized_brand,[213],"[""winnersbet.com.au""]",matched_register,{}
puntguide,70,MidasBet,active,https://www.midasbet.com.au,https://puntguide.com.au/all-betting-sites,2026-09-29T10:09:50.242051+00:00,normalized_brand,[119],"[""midasbet.com.au""]",matched_register,{}
puntguide,71,Swiftbet,active,https://www.swiftbet.com.au,https://puntguide.com.au/all-betting-sites,2026-09-29T10:09:50.242051+00:00,normalized_brand,[184],"[""swiftbet.com.au""]",matched_register,{}
puntguide,72,Chasebet,active,https://www.chasebet.com.au,https://puntguide.com.au/all-betting-sites,2026-09-29T10:09:50.242051+00:00,normalized_brand,[71],"[""chasebet.com.au""]",matched_register,{}
puntguide,73,EliteBet,active,https://www.elitebet.com.au,https://puntguide.com.au/all-betting-sites,2026-09-29T10:09:50.242051+00:00,normalized_brand,[85],"[""elitebet.com.au""]",matched_register,{}
puntguide,74,VicBet,active,https://www.vicbet.com.au,https://puntguide.com.au/all-betting-sites,2026-09-29T10:09:50.242051+00:00,normalized_brand,[206],"[""vicbet.com""]",matched_register,{}
puntguide,75,RobWaterhouse.com,active,https://robwaterhouse.com/,https://puntguide.com.au/all-betting-sites,2026-09-29T10:09:50.242051+00:00,curated_brand_alias,[165],"[""robwaterhouse.com""]",matched_register,{}
puntguide,76,PicnicBet,active,https://www.picnicbet.com,https://puntguide.com.au/all-betting-sites,2026-09-29T10:09:50.242051+00:00,curated_brand_alias,[143],"[""picnicbet.com""]",matched_register,{}
puntguide,77,OKEBET,active,https://www.okebet.com.au,https://puntguide.com.au/all-betting-sites,2026-09-29T10:09:50.242051+00:00,normalized_brand,[133],"[""okebet.com.au""]",matched_register,{}
puntguide,78,TAB,active,https://www.tab.com.au,https://puntguide.com.au/all-betting-sites,2026-09-29T10:09:50.242051+00:00,tab_service_alias,"[185, 186, 187, 188, 189, 190, 191]","[""tab.com.au""]",matched_register,{}
puntguide,79,TABtouch,active,https://www.tabtouch.com.au,https://puntguide.com.au/all-betting-sites,2026-09-29T10:09:50.242051+00:00,normalized_brand,[192],"[""tabtouch.mobi""]",matched_register,{}
puntguide,80,BetGold,active,https://www.betgold.com.au,https://puntguide.com.au/all-betting-sites,2026-09-29T10:09:50.242051+00:00,normalized_brand,[43],"[""betgold.com.au""]",matched_register,{}
puntguide,81,BossBet,active,https://www.bossbet.com.au,https://puntguide.com.au/all-betting-sites,2026-09-29T10:09:50.242051+00:00,normalized_brand,[66],"[""bossbet.com.au""]",matched_register,{}
puntguide,82,WishBet,active,https://www.wishbet.com.au,https://puntguide.com.au/all-betting-sites,2026-09-29T10:09:50.242051+00:00,normalized_brand,[214],"[""wishbet.com.au""]",matched_register,{}
puntguide,83,MyBet,active,https://www.mybet.com.au,https://puntguide.com.au/all-betting-sites,2026-09-29T10:09:50.242051+00:00,normalized_brand,"[126, 127]","[""mybet.com.au""]",matched_register,{}
puntguide,84,PlayWest,active,https://www.playwestbet.com,https://puntguide.com.au/all-betting-sites,2026-09-29T10:09:50.242051+00:00,normalized_brand,[146],"[""playwestbet.com""]",matched_register,{}
puntguide,85,TrueBet,active,https://www.truebet.com.au,https://puntguide.com.au/all-betting-sites,2026-09-29T10:09:50.242051+00:00,normalized_brand,[201],"[""truebet.com.au""]",matched_register,{}
puntguide,86,Star Sports Australia,active,https://www.starsports.com.au,https://puntguide.com.au/all-betting-sites,2026-09-29T10:09:50.242051+00:00,curated_brand_alias,[179],"[""starsports.com.au""]",matched_register,{}
puntguide,87,PonyBet,active,https://www.ponybet.com.au,https://puntguide.com.au/all-betting-sites,2026-09-29T10:09:50.242051+00:00,normalized_brand,[148],"[""ponybet.com.au""]",matched_register,{}
puntguide,88,Allbets,active,https://www.allbets.com.au,https://puntguide.com.au/all-betting-sites,2026-09-29T10:09:50.242051+00:00,normalized_brand,[2],"[""allbets.com.au""]",matched_register,{}
puntguide,89,BetLegends,active,https://www.betlegends.com.au,https://puntguide.com.au/all-betting-sites,2026-09-29T10:09:50.242051+00:00,normalized_brand,[17],"[""betlegends.com.au""]",matched_register,{}
puntguide,90,Betit,active,https://www.betit.com.au,https://puntguide.com.au/all-betting-sites,2026-09-29T10:09:50.242051+00:00,normalized_brand,[44],"[""betit.com.au""]",matched_register,{}
puntguide,91,StableBet,active,https://www.stablebet.com.au,https://puntguide.com.au/all-betting-sites,2026-09-29T10:09:50.242051+00:00,normalized_brand,[178],"[""stablebet.com.au""]",matched_register,{}
puntguide,92,BetShop,active,https://www.betshop.com.au,https://puntguide.com.au/all-betting-sites,2026-09-29T10:09:50.242051+00:00,observed_redirect_alias,[1],"[""123bet.com.au""]",matched_register,"{""note"": ""2026-09-29-operator-verification.md"", ""observation"": {""checked_at_utc"": ""2026-09-29T10:13:26.350176+00:00"", ""final_url"": ""https://www.123bet.com.au:443/"", ""http_status"": 200, ""url"": ""https://betshop.com.au""}}"
puntguide,93,KnuckleBet,active,https://www.knucklebet.com.au,https://puntguide.com.au/all-betting-sites,2026-09-29T10:09:50.242051+00:00,normalized_brand,[108],"[""knucklebet.com.au""]",matched_register,{}
puntguide,94,EarlyCrow,active,https://earlycrow.bet,https://puntguide.com.au/all-betting-sites,2026-09-29T10:09:50.242051+00:00,normalized_brand,[84],"[""earlycrow.bet""]",matched_register,{}
puntguide,95,CrownBet,active,https://www.crownbet.com.au,https://puntguide.com.au/all-betting-sites,2026-09-29T10:09:50.242051+00:00,normalized_brand,[76],"[""crownbet.com.au""]",matched_register,{}
puntguide,96,Xcelbet,active,https://www.xcelbet.com.au,https://puntguide.com.au/all-betting-sites,2026-09-29T10:09:50.242051+00:00,normalized_brand,[218],"[""xcelbet.com.au""]",matched_register,{}
puntguide,97,FatBet,active,https://www.fatbet.com.au,https://puntguide.com.au/all-betting-sites,2026-09-29T10:09:50.242051+00:00,normalized_brand,[89],"[""fatbet.com.au""]",matched_register,{}
puntguide,98,BetDeluxe,active,https://www.betdeluxe.com.au,https://puntguide.com.au/all-betting-sites,2026-09-29T10:09:50.242051+00:00,normalized_brand,[35],"[""betdeluxe.com.au""]",matched_register,{}
puntguide,99,BetRaven,active,https://www.betraven.com.au,https://puntguide.com.au/all-betting-sites,2026-09-29T10:09:50.242051+00:00,normalized_brand,[56],"[""betraven.com.au""]",matched_register,{}
puntguide,100,BetaBets,active,https://betabets.com.au,https://puntguide.com.au/all-betting-sites,2026-09-29T10:09:50.242051+00:00,normalized_brand,[25],"[""betabets.com.au""]",matched_register,{}
puntguide,101,Bet Pinnacle,active,https://www.betpinnacle.com.au/,https://puntguide.com.au/all-betting-sites,2026-09-29T10:09:50.242051+00:00,normalized_brand,[53],"[""betpinnacle.com.au""]",matched_register,{}
puntguide,102,Riverbet,active,https://www.riverbet.com.au,https://puntguide.com.au/all-betting-sites,2026-09-29T10:09:50.242051+00:00,normalized_brand,[164],"[""riverbet.com.au""]",matched_register,{}
puntguide,103,ClubBET,active,https://clubbet.au,https://puntguide.com.au/all-betting-sites,2026-09-29T10:09:50.242051+00:00,normalized_brand,[74],"[""clubbet.au""]",matched_register,{}
puntguide,104,Donnie Bet,active,https://donniebet.com.au,https://puntguide.com.au/all-betting-sites,2026-09-29T10:09:50.242051+00:00,normalized_brand,[82],"[""donniebet.com.au""]",matched_register,{}
puntguide,105,BetAces,active,https://www.betaces.com.au,https://puntguide.com.au/all-betting-sites,2026-09-29T10:09:50.242051+00:00,normalized_brand,[26],"[""betaces.com.au""]",matched_register,{}
puntguide,106,BetBunker,active,https://www.betbunker.com.au,https://puntguide.com.au/all-betting-sites,2026-09-29T10:09:50.242051+00:00,normalized_brand,[13],"[""betbunker.com.au""]",matched_register,{}
puntguide,107,Betfocus,active,https://www.betfocus.com.au,https://puntguide.com.au/all-betting-sites,2026-09-29T10:09:50.242051+00:00,normalized_brand,[41],"[""betfocus.com.au""]",matched_register,{}
puntguide,108,XBet,active,https://xbet.net.au,https://puntguide.com.au/all-betting-sites,2026-09-29T10:09:50.242051+00:00,normalized_brand,[217],"[""xbet.net.au""]",matched_register,{}
puntguide,109,PremiumBet,active,https://www.premiumbet.com.au,https://puntguide.com.au/all-betting-sites,2026-09-29T10:09:50.242051+00:00,normalized_brand,[149],"[""premiumbet.com.au""]",matched_register,{}
puntguide,110,GoldenBet888,active,https://www.goldenbet888.com.au,https://puntguide.com.au/all-betting-sites,2026-09-29T10:09:50.242051+00:00,normalized_brand,[96],"[""goldenbet888.com.au""]",matched_register,{}
puntguide,111,TitanBet,active,https://www.titanbet.com.au,https://puntguide.com.au/all-betting-sites,2026-09-29T10:09:50.242051+00:00,normalized_brand,[197],"[""titanbet.com.au""]",matched_register,{}
puntguide,112,ChromaBet,active,https://www.chromabet.com.au,https://puntguide.com.au/all-betting-sites,2026-09-29T10:09:50.242051+00:00,normalized_brand,[72],"[""chromabet.com.au""]",matched_register,{}
puntguide,113,Bet777,active,https://www.bet777.com.au,https://puntguide.com.au/all-betting-sites,2026-09-29T10:09:50.242051+00:00,normalized_brand,[24],"[""bet777.com.au""]",matched_register,{}
puntguide,114,TempleBet,active,https://www.templebet.com.au,https://puntguide.com.au/all-betting-sites,2026-09-29T10:09:50.242051+00:00,normalized_brand,[195],"[""templebet.com.au""]",matched_register,{}
puntguide,115,JuicyBet,active,https://www.juicybet.com.au,https://puntguide.com.au/all-betting-sites,2026-09-29T10:09:50.242051+00:00,normalized_brand,[105],"[""juicybet.com.au""]",matched_register,{}
puntguide,116,BetProfessor,active,https://www.betprofessor.com.au,https://puntguide.com.au/all-betting-sites,2026-09-29T10:09:50.242051+00:00,normalized_brand,[54],"[""betprofessor.com.au""]",matched_register,{}
puntguide,117,WellBet,active,https://www.wellbet.com.au,https://puntguide.com.au/all-betting-sites,2026-09-29T10:09:50.242051+00:00,normalized_brand,[211],"[""wellbet.com.au""]",matched_register,{}
puntguide,118,QuestBet,active,https://www.questbet.com.au,https://puntguide.com.au/all-betting-sites,2026-09-29T10:09:50.242051+00:00,normalized_brand,[157],"[""questbet.com.au""]",matched_register,{}
puntguide,119,BetGalaxy,active,https://www.betgalaxy.com.au,https://puntguide.com.au/all-betting-sites,2026-09-29T10:09:50.242051+00:00,normalized_brand,[42],"[""betgalaxy.com.au""]",matched_register,{}
puntguide,120,BetBetBet,active,https://www.betbetbet.net.au,https://puntguide.com.au/all-betting-sites,2026-09-29T10:09:50.242051+00:00,normalized_brand,[29],"[""betbetbet.net.au""]",matched_register,{}
puntguide,121,Lets Bet,active,https://www.letsbet.net.au,https://puntguide.com.au/all-betting-sites,2026-09-29T10:09:50.242051+00:00,normalized_brand,[111],"[""letsbet.net.au""]",matched_register,{}
puntguide,122,HavaBet,active,https://www.havabet.com.au,https://puntguide.com.au/all-betting-sites,2026-09-29T10:09:50.242051+00:00,normalized_brand,[98],"[""havabet.com.au""]",matched_register,{}
puntguide,123,Colossalbet,active,https://www.colossalbet.com.au,https://puntguide.com.au/all-betting-sites,2026-09-29T10:09:50.242051+00:00,normalized_brand,[75],"[""colossalbet.com.au""]",matched_register,{}
puntguide,124,123bet,active,https://www.123bet.com.au,https://puntguide.com.au/all-betting-sites,2026-09-29T10:09:50.242051+00:00,normalized_brand,[1],"[""123bet.com.au""]",matched_register,{}
puntguide,125,JimmyBet,active,https://www.jimmybet.com.au,https://puntguide.com.au/all-betting-sites,2026-09-29T10:09:50.242051+00:00,normalized_brand,[103],"[""jimmybet.com.au""]",matched_register,{}
puntguide,126,GoldBet,active,https://www.goldbet.com.au,https://puntguide.com.au/all-betting-sites,2026-09-29T10:09:50.242051+00:00,normalized_brand,[95],"[""goldbet.com.au""]",matched_register,{}
puntguide,127,UltraBet,active,https://www.ultrabet.com.au,https://puntguide.com.au/all-betting-sites,2026-09-29T10:09:50.242051+00:00,normalized_brand,[202],"[""ultrabet.com.au""]",matched_register,{}
puntguide,128,BetKings,active,https://www.betkings.com.au,https://puntguide.com.au/all-betting-sites,2026-09-29T10:09:50.242051+00:00,normalized_brand,[47],[],matched_register,{}
puntguide,129,HOT Bet,active,https://www.hotbet.com.au,https://puntguide.com.au/all-betting-sites,2026-09-29T10:09:50.242051+00:00,normalized_brand,[99],"[""hotbet.com.au""]",matched_register,{}
puntguide,130,BoostBet,active,https://www.boostbet.com.au,https://puntguide.com.au/all-betting-sites,2026-09-29T10:09:50.242051+00:00,normalized_brand,[65],"[""boostbet.com.au""]",matched_register,{}
puntguide,131,GRSBet,active,https://www.grsbet.com.au,https://puntguide.com.au/all-betting-sites,2026-09-29T10:09:50.242051+00:00,normalized_brand,[97],"[""grsbet.com.au""]",matched_register,{}
puntguide,132,Favbet,active,https://www.favbet.com.au,https://puntguide.com.au/all-betting-sites,2026-09-29T10:09:50.242051+00:00,unmatched,[],[],discovered_unverified,{}
puntguide,133,BearBet,active,https://www.bearbet.com.au,https://puntguide.com.au/all-betting-sites,2026-09-29T10:09:50.242051+00:00,normalized_brand,[9],"[""bearbet.com.au""]",matched_register,{}
puntguide,134,CashCage,active,https://www.cashcage.com.au,https://puntguide.com.au/all-betting-sites,2026-09-29T10:09:50.242051+00:00,normalized_brand,[70],"[""cashcage.com.au""]",matched_register,{}
puntguide,135,Multis.com.au,active,https://www.multis.com.au,https://puntguide.com.au/all-betting-sites,2026-09-29T10:09:50.242051+00:00,normalized_brand,[124],"[""multis.com.au""]",matched_register,{}
puntguide,136,LASERBET,active,https://www.laserbet.com.au,https://puntguide.com.au/all-betting-sites,2026-09-29T10:09:50.242051+00:00,normalized_brand,[110],"[""laserbet.com.au""]",matched_register,{}
puntguide,137,PUNTSPORT,active,https://www.puntsport.com.au,https://puntguide.com.au/all-betting-sites,2026-09-29T10:09:50.242051+00:00,normalized_brand,[154],"[""puntsport.com.au""]",matched_register,{}
puntguide,138,HueyBet,coming_soon,https://www.hueybet.com.au,https://puntguide.com.au/all-betting-sites,2026-09-29T10:09:50.242051+00:00,unmatched,[],[],discovered_unverified,{}
